[{
    "tweet": "First front-end devs 'just' needed to know #JavaScript, HTML &amp; CSS.\n\nThen they needed to learn Node.\n\nNow they're meant to know DevOps and AWS/GCP.\n\nThe dev life is all about learning, keep learning! #100DaysOfCode #CodeNewbie"
}, {
    "tweet": "“What language should I learn first”?\n\nDepends on what you want to do:\n\n* Front-end: #JavaScript\n* Mobile apps: #Dart (with Flutter)\n* Machine learning: #Python\n* Backend: JavaScript / Python #100DaysOfCode #CodeNewbie"
}, {
    "tweet": "To commit to becoming a developer is to commit to continuous learning. #100DaysOfCode #CodeNewbie"
}, {
    "tweet": "I don’t see why frontend devs make a lot of money, all they need to know is:\n\nJavaScript, HTML, CSS, React, TypeScript, GraphQL, NodeJS, command line, Git, webpack, AWS, Jest, Enzyme, Docker, Jenkins, Selenium, performance tuning\n\n🤣🤣🤣 #100DaysOfCode #CodeNewbie"
}, {
    "tweet": "The route to becoming a web dev:\n\n* HTML / CSS tutorial\n* Build webpage in HTML / CSS\n* JavaScript tutorial\n* JavaScript challenges on codewars\n* Small web app\n* React / Angular / Vue tutorial\n* Small web app with chosen library #100DaysOfCode #CodeNewbie"
}, {
    "tweet": "Did my CompSci degree help me?\n\nMaybe it helped my CV\n\nBut I’ll tell you what...\n\nEvery technology I’ve ever needed for work I taught myself outside of university. #100DaysOfCode #CodeNewbie"
}, {
    "tweet": "Learn #JavaScript\n\nYou can build server-side apps\nYou can build mobile apps\nYou can build frontend apps\nYou get to build desktop apps\n. #100DaysOfCode #CodeNewbie"
}, {
    "tweet": "8 best free Animation Libraries for websites.\n\n- CSSHake \n- Anime js \n- Bounce js \n- Mo js\n- Tuesday \n- Wicked css \n- Magic\n- Gsap \n\nWhich one your favorite! \n\n#100DaysOfCode #100DaysOfCode #CodeNewbie"
}, {
    "tweet": "Retweet if you love the Twitter Dev Community. #100DaysOfCode #CodeNewbie"
}, {
    "tweet": "Freelancing sites for #programmers \nPeopleperhour, Guru, Fiverr\nupwork, Envato, Freelancer\nToptal, Linkedin, 6nomad #100DaysOfCode #CodeNewbie"
}, {
    "tweet": "8 Must Know #JavaScript Array Methods. \n\n- map\n- filter \n- forEach\n- find \n- every \n- some\n- includes \n- reduce \n\n#100DaysOfCode #100DaysOfCode #CodeNewbie"
}, {
    "tweet": "Some useful Chrome Extension for Front-End Developer.\n\n- CSS Peeper\n- Whatfont\n- JSON viewer\n- Color contrast checker\n- Colorpick eyedropper\n- Responsive web design tester #100DaysOfCode #CodeNewbie"
}, {
    "tweet": "Some useful websites for Web Developers!\n\n- Enjoy CSS\n- Can I Use \n- HTML Washer \n- Markup Validator \n- Pexels \n- Google fonts #100DaysOfCode #CodeNewbie"
},
{
    "tweet": "Some #JavaScript project ideas.\n\nBEGINNER: \nTodo app, simple calculator, countdown\n\nINTERMEDIATE: \nQuiz app, Expense tracker, advance calculator\n\nADVANCE: \nE-commerce App, Game, #100DaysOfCode #CodeNewbie"
}, {
    "tweet": "Some useful Developer Tools\n\n- CloudCraft\n- Figma\n- Font Flipper\n- VisBug\n- Insomnia\n- Flare\n- BundlePhobia\n- Soft Murmer #100DaysOfCode #CodeNewbie"
}, {
    "tweet": "5 Things I Wish I Knew When I Started #Programming.\n\n- Specialise. \n- There is no secret to learning how to code. \n- Google is your friend.\n- Problem Solving.\n- Building projects. #100DaysOfCode #CodeNewbie"
}, {
    "tweet": "Important #JavaScript concepts! \n\n- Hoisting \n- Callstack\n- Scope\n- Callbacks\n- Async await #100DaysOfCode #CodeNewbie"
}, {
    "tweet": "Eight best places to pick free stock photos for your apps and websites.\n\nPexels \nLife of pix \nBurst \nMagdeleine\nPixabay \nStock snap \nUnsplash \nPicjumbo\n\nDo you know another good source? \n#100DaysOfCode / #freeCodeCamp #100DaysOfCode #CodeNewbie"
},
{
    "tweet": "JavaScript will turn 25 this years 🎂 #100DaysOfCode #CodeNewbie"
}
]