[{"tweet":"Useful websites for Web Developers \n\n⚒ ohshitgit. com \n⚒ css-tricks. com  \n⚒ exercism. io \n⚒ dbdiagram. io \n⚒ cssfilters. co \n⚒ bundlephobia. com\n\nWhat would you add in this list? #100DaysOfCode #CodeNewbie"},{"tweet":"11 Websites For Developers 👨‍💻👩‍💻\n\n✒ StackOverflow \n✒ Github \n✒ Codewars\n✒ Codementor \n✒ Codeshare \n✒ Devhints \n✒ Laracasts \n✒ Topcoder \n✒ Codepen\n✒ Repl it\n✒ Stack exchange\n\nWhich is your favorite website? #100DaysOfCode #CodeNewbie"},{"tweet":"JavaScript Free Learning Resources.\n\nWEBSITES \n&gt; Javascript. info\n&gt; freecodecamp. org\n&gt; eloquentjavascript. net\n&gt; read.humanjavascript. com\n\nYOUTUBE\n&gt; Traversy Media\n&gt; The Net Ninja \n&gt; Free Code Camp\n&gt; Academind \n\n#100DaysOfCode #100DaysOfCode #CodeNewbie"},{"tweet":"Top Beginner Projects for New Programmer.\n\n&gt; Calculator App\n&gt; Rock Paper Scissors Game \n&gt; To-do List App \n&gt; Tic Tac Toe Game \n&gt; BMI App\n&gt; Snake Game \n\nWhat Other Projects Can Help Beginners? \n\n#100DaysOfCode #100DaysOfCode #CodeNewbie"},{"tweet":"5 Things I Wish I Knew When I Started Programming.\n\n- Specialize. \n- There is no secret Recipe to learning how to code. \n- Use Google.\n- Problem Solving.\n- Just Build. #100DaysOfCode #CodeNewbie"}]