[{
	"tweet": "Easiest programming languages to learn.\n\n⚙ Python \n⚙ JavaScript\n⚙ Ruby \n⚙ PHP\n\nWhat's the easiest programming language in your opinion? #100DaysOfCode #CodeNewbie"
}, {
	"tweet": "Top Tools Used in Programming \n\n⚒ CLI \n⚒ Git \n⚒ VS Code \n⚒ Chrome \n⚒ Github \n⚒ Docker \n⚒ Jira \n\nWhat other tools do you use? #100DaysOfCode #CodeNewbie"
}, {
	"tweet": "Tips to make a Responsive Design.\n\n1. Go Mobile First - before you plan your design for desktop or laptop screens thinks about the UX on a mobile! \n\n2. Make it readable - Make your text size large enough to read from a smaller screen. Use em instead of px! \n\n1/3\n\nA Thread 🧵 #100DaysOfCode #CodeNewbie"
}, {
	"tweet": "I only drink JavaScript nowadays. #100DaysOfCode #CodeNewbie"
}, {
	"tweet": "once you love to write code it becomes the hardest habit to quit. #100DaysOfCode #CodeNewbie"
}, {
	"tweet": "Find a list of my favorite GitHub repositories which are helpful for every (self-taught, no CS degree) developer!\n\nA Thread 🧵 #100DaysOfCode #CodeNewbie"
}, {
	"tweet": "How old were you, when you wrote your first Hello World? #100DaysOfCode #CodeNewbie"
}, {
	"tweet": "CSS Quiz 💅\n\nWhich property is used to change the font of an element? \n\nA. font-weight\nB. font-style \nC. font-family \n\nComment the answer. #100DaysOfCode #CodeNewbie"
}, {
	"tweet": "There are two types of programmers\n\nA. HTML is a Programming Language\nB. HTML is a Markup Language\n\nWhich one are you? #100DaysOfCode #CodeNewbie"
}, {
	"tweet": "Essential Tools For Web Development: \n\nCode Editor\n- Vs code\n\nBrowser\n- Chrome, Firefox\n\nCSS Framework/ preprocessor \n- Tailwind, Sass\n\nTDD\n- Jest, Cypress\n\nJS Client\n- React, Vue\n\nServer\n- Express, Django\n\nDB\n- PostgreSQL, MongoDB\n\nMisc\n- SSH, Git, Google, Coffee, Internet #100DaysOfCode #CodeNewbie"
}, {
	"tweet": "#javascript quiz 🏆\n \nWhat value will be output on the console? \n\ngist: https://t.co/AjoaBDAH33 \n\n#100DaysOfCode https://t.co/TBFIDy9UH2 #100DaysOfCode #CodeNewbie"
}, {
	"tweet": "Useful websites for Web Developers \n\n⚒ ohshitgit. com \n⚒ css-tricks. com  \n⚒ exercism. io \n⚒ dbdiagram. io \n⚒ cssfilters. co \n⚒ bundlephobia. com\n\nWhat would you add in this list? #100DaysOfCode #CodeNewbie"
}, {
	"tweet": "Best Free Resources To Learn  JavaScript\n\nWEBSITES\n1. freecodecamp. org\n2. developer.mozilla. org\n3. javascript. info\n4. eloquentjavascript. net\n5. read.humanjavascript. com\n6. davidwalsh. name\n7. flaviocopes. com\n8. w3schools. com\n\nCOURSES\n1. javascript30. com\n2. scrimba. com #100DaysOfCode #CodeNewbie"
}, {
	"tweet": "#JavaScript Quiz 🏆 \n\nWhat value will be printed on the console and why?\n\n#100DaysOfCode https://t.co/TqJUKLcpZs #100DaysOfCode #CodeNewbie"
}, {
	"tweet": "Today we're going to look at 5 #HTML tags you don't know.\n\nThese are tag that can be pretty useful but not very well known \n\n⚒ &lt;article&gt; \n⚒ &lt;aside&gt;\n⚒ &lt;canvas&gt; \n⚒ &lt;figure&gt; \n⚒ &lt;datalist&gt; \n\nExplain in Thread 🧵 #100DaysOfCode #CodeNewbie"
}, {
	"tweet": "Which of the following type of variable is visible everywhere in your JavaScript code?\n\nA. global variable\nB. local variable \nC. both of the above \nD. none of the above \n\nComment the answer \n\n#100DaysOfCode / #freeCodeCamp #100DaysOfCode #CodeNewbie"
}, {
	"tweet": "In CSS Which of the following property is used to control the scrolling of an image in the background? \n\nA. background-attachment \nB. background-repeat \nC. background\nD. background-position \n\n#100DaysOfCode #100DaysOfCode #CodeNewbie"
}, {
	"tweet": "Why I love JavaScript because: \n\nIt's very easy to learn \n\nA single language for everything \n\nIt's almost everywhere \n\nIt's present &amp; future of web \n\nIt's simple \n\nSo, I love JavaScript #100DaysOfCode #CodeNewbie"
}, {
	"tweet": "#javascript quiz 🏆 \n\nWhat value will be printed on the console and why?\n \nconsole.log( 3 + '3' );\nconsole.log( 3 - '3' ); \n\n#100DaysOfCode https://t.co/y5kpFXBSvD #100DaysOfCode #CodeNewbie"
}, {
	"tweet": "Important JavaScript concept to learn.\n\n-&gt; DOM Manipulation \n-&gt; Promises \n-&gt; Closures\n-&gt; Currying \n-&gt; Hoisting \n-&gt; Array methods \n-&gt; Async Await \n-&gt; Prototype inheritance \n-&gt; Event loop \n-&gt; Understanding \"this\" keyword \n\nWhat would you add? #100DaysOfCode #CodeNewbie"
}, {
	"tweet": "Which of the following attributes of the &lt;img&gt; tag displays alternate text for the image? \n\na ) text \nb ) caption\nc ) alt \nd ) identify \n\nComment the answer! \n\n#100DaysOfCode #100DaysOfCode #CodeNewbie"
}, {
	"tweet": "Nowadays I am seeing so many YouTube channels and their Thumbnail like ( Learn JavaScript in just 5 minutes ) \nIs it possible to learn any programming language in 5 minutes? #100DaysOfCode #CodeNewbie"
}, {
	"tweet": "If companies want high-quality developers they need to pay more. #100DaysOfCode #CodeNewbie"
}, {
	"tweet": "There are a lot of jobs.... If you know HTML, CSS and JavaScript. #100DaysOfCode #CodeNewbie"
}, {
	"tweet": "Internshala what are you doing why are you allowing these companies on your site\n\nIn my opinion, this is the exploitation of innocent students\n\nYou are offering less than 14 $ for full month of HARD WORK. Will this going to cover their internet or mobile bill?\n\nSHOW SOME RESPECT https://t.co/uFVHY2unR2 #100DaysOfCode #CodeNewbie"
}, {
	"tweet": "Most of the Companies in India are looking for junior developers with the experience of a senior developer for the salary of an intern. #100DaysOfCode #CodeNewbie"
}, {
	"tweet": "In HTML Which tag creates a number/ order list? \n\nA. &lt;UL&gt; \nB. &lt;OL&gt; \nC. &lt;OT&gt; \nD. None of these \n\n#100DaysOfCode #100DaysOfCode #CodeNewbie"
}, {
	"tweet": "Reasons To Learn JavaScript language \n\n✒ Frontend \n✒ Backend \n✒ Big Frameworks \n✒ Mobile Apps \n✒ Browser Games \n✒ Popularity\n✒ High Demand \n✒ Huge Community \n\nDo you love JavaScript? #100DaysOfCode #CodeNewbie"
}, {
	"tweet": "There are 4 types of people in the JS world. Which one are you?\n\nA. JavaScript \nB. javaScript\nC. Javascript \nD. javascript #100DaysOfCode #CodeNewbie"
}, {
	"tweet": "11 Websites For Developers 👨‍💻👩‍💻\n\n✒ StackOverflow \n✒ Github \n✒ Codewars\n✒ Codementor \n✒ Codeshare \n✒ Devhints \n✒ Laracasts \n✒ Topcoder \n✒ Codepen\n✒ Repl it\n✒ Stack exchange\n\nWhich is your favorite website? #100DaysOfCode #CodeNewbie"
}, {
	"tweet": "#javascript quiz 🏆 \n\nIt's quiz time! What would be the OUTPUT and WHY? \n\n#100DaysOfCode https://t.co/10huTD8gp7 #100DaysOfCode #CodeNewbie"
}, {
	"tweet": "What's the correct HTML for adding a background color? \n\nA. &lt;body bg=\"green\"&gt; \n\nB. &lt;body style=\"background-color: green;\"&gt; \n\nC. &lt;background&gt; green &lt;background&gt; \n\nComment the answer\n\n#100DaysOfCode #100DaysOfCode #CodeNewbie"
}, {
	"tweet": "How many coders/developers do you know that can code/develop an application without referring to Google, Stack Overflow? #100DaysOfCode #CodeNewbie"
}, {
	"tweet": "#javascript quiz 🏆 \n \nWhat value will be printed on the console? \n\n#100DaysOfCode https://t.co/WxTRqOaHws #100DaysOfCode #CodeNewbie"
}, {
	"tweet": "Handful  #HTML Tips To Make Things Easier! \n\n#100DaysOfCode #CodeNewbie https://t.co/Il2Zg2yzi2 #100DaysOfCode #CodeNewbie"
}, {
	"tweet": "10 Best Web Development Learning Platforms For Beginners.\n\n⚒ MDN Web Docs \n⚒ FreeCodeCamp \n⚒ W3schools\n⚒ Udemy\n⚒ The Odin Project \n⚒ Youtube \n⚒ Khan Academy\n⚒ Solo Learn\n⚒ Codecademy \n⚒ Scrimba \n\nSuggest ur best learning platform in comment section. #100DaysOfCode #CodeNewbie"
}, {
	"tweet": "6 reasons why you should contribute to open-source are: \n\n1. Improve the software \n2. Improve your skills \n3. Meet other developers\n4. Teach others \n5. Every fix matters\n6. Help your CV \n\nDo you contribute to open source? #100DaysOfCode #CodeNewbie"
}, {
	"tweet": "Git Concepts in simple Terms.\n\nA Thread 👇 #100DaysOfCode #CodeNewbie"
}, {
	"tweet": "#javascript quiz 🏆 \n \nWhat value will be printed on the console? \n\n#100DaysOfCode https://t.co/cW6CPj5MxH #100DaysOfCode #CodeNewbie"
}, {
	"tweet": "All Youtube Channels for programmers \n\nA Thread 🧵 #100DaysOfCode #CodeNewbie"
}, {
	"tweet": "Top best icon libraries.\n\n- IcoMoon\n- Orion\n- Good Stuff No Nonsense\n- Icomonstr\n- The Noun Project\n- Pictonic\n- Flaticon\n- Icons8\n- Iconscout\n- Font Awesome\n- Iconfinder\n- PixelLove\n- Graphic Burger\n- Smashicons\n- Pngtree\n- Freeicons\n- Useiconic\n- Nucleoapp\n- Friconix \n\nHave Fun #100DaysOfCode #CodeNewbie"
}, {
	"tweet": "In HTML &lt;base&gt; tag is designed to appear only between.\n\nA. &lt;head&gt;\nB. &lt;title&gt; \nC. &lt;body&gt; \nD. &lt;form&gt; \n\nGuess the answer?\n\n#100DaysOfCode #100DaysOfCode #CodeNewbie"
}, {
	"tweet": "Key to success is KEY 🔑 \n\nK  = keep \nE  = educating \nY  = yourself #100DaysOfCode #CodeNewbie"
}, {
	"tweet": "No one writes good code on the first attempt. Write bad code, then gradually improve it. It‘s very similar to writing. #100DaysOfCode #CodeNewbie"
}, {
	"tweet": "In JavaScript what’s the difference between == and ===? #100DaysOfCode #CodeNewbie"
}, {
	"tweet": "Testing Tools/Frameworks for JavaScript! \n\n⚒ cypress \n⚒ jest \n⚒ mocha \n⚒ puppeteer  \n⚒ prova \n⚒ DalekJS \n⚒ protractor \n⚒ tape \n⚒ Enzyme \n⚒ TestCafe \n⚒ ava \n\nWhich is your favorite Testing frameworks of tools?\n\n#100DaysOfCode #100DaysOfCode #CodeNewbie"
}, {
	"tweet": "you want to learn JavaScript\nBe consistent\n\nyou want to learn Python\nBe consistent\n\nyou want to learn Rust \nBe consistent\n\nyou want to learn PHP \nBe consistent\n\nyou want to learn Java \nBe consistent\n\nyou want to learn Go\nBe consistent \n\nConsistent is the key to learn anything #100DaysOfCode #CodeNewbie"
}, {
	"tweet": "Which of the following #CSS properties DOES NOT influence the box model? \n\n✏ padding\n✏ margin \n✏ content \n✏ outline \n✏ border \n\nComment the answer.\n\n#100DaysOfCode #100DaysOfCode #CodeNewbie"
}, {
	"tweet": "Things that make programmer happy 😁 \n\n✏ Delivering a project before the deadline\n✏ staying in good projects \n✏ solving difficult problems\n✏ learning new technologies \n✏ fixing stubborn bugs \n\nWhat other things make programmer happy? \n\n#100DaysOfCode / #CodeNewbie #100DaysOfCode #CodeNewbie"
}, {
	"tweet": "Top 10 podcast for JavaScript programmers! \n\n⚒ Syntax\n⚒ The change log\n⚒ Front end happy hour\n⚒ JavaScript jabber \n⚒ Fullstack radio \n⚒ Shop talk show \n⚒ JS party\n⚒ Codepen radio \n⚒ JAMStack radio\n⚒ Modern web\n\nWhich JS or Programming related podcasts do you listen? #100DaysOfCode #CodeNewbie"
}, {
	"tweet": "Tools for static files hosting:\n\n☁️ AWS S3\n☁️ Google Cloud Storage\n☁️ Azure Storage\n☁️ Digital Ocean Spaces\n☁ Linode \n☁️ Firebase\n☁ Netlify \n☁ Github pages \n☁ Versel \n\n#100DaysOfCode #100DaysOfCode #CodeNewbie"
}, {
	"tweet": "In HTML Choose element to define important text.\n\nA. &lt;b&gt; \nB. &lt;important&gt; \nC. &lt;i&gt; \nD. &lt;strong&gt; \n\n#100DaysOfCode #100DaysOfCode #CodeNewbie"
}, {
	"tweet": "The day you install a code editor is not the day you become a Programmer! https://t.co/JduOvNfjbq #100DaysOfCode #CodeNewbie"
}, {
	"tweet": "Top Language in Each Field! \n\nWeb development\nHTML\nCSS \nJS\nPHP\nPython\n\nGame Development\nC++\nC#\nJava\nJS\n\nArtificial Intelligence\nPython\nR\nJava\nC++ \n\nMobile Development \nJava\nKaitlin\nSwift\nJS\nDart \n\nData Science\nPython\nR\nScala\nSQL\nJava \n\nCyber Security\nC++\nPython\nJS\nPHP #100DaysOfCode #CodeNewbie"
}, {
	"tweet": "Top Resources to get free HTML Templates. \n \n⚒ html5up. net \n⚒ templated. co \n⚒ freehtml5. co \n⚒ mobirise. com\n⚒ uideck. com\n\nDo you know other websites? \nHelp us by sharing them! \n\n#100DaysOfCode / #CodeNewbie #100DaysOfCode #CodeNewbie"
}, {
	"tweet": "A List of top 10 Web Fonts by Google! \n\n✏ Alegreya \n✏ B612 \n✏ Muli \n✏ Titillium Web \n✏ Varela \n✏ Volkorn \n✏ IBM Plex \n✏ Crimson Text \n✏ Cairo \n✏ BioRhyme \n\nWhich is your favorite font? \nComment below! \n\n#100DaysOfCode #100DaysOfCode #CodeNewbie"
}, {
	"tweet": "The default font-size of HTML document is? \n\nA. 6 \nB. 3\nC. 8\nD. 4\nE. None \n\nComment the answer\n\n#100DaysOfCode #100DaysOfCode #CodeNewbie"
}, {
	"tweet": "Top 10 Most Wanted Programming Language as per StackOverflow survey 2020.\n\n1. Python \n2. JavaScript\n3. Go\n4. TypeScript \n5. Rust \n6. Kotlin \n7. Java \n8. C++ \n9. SQL \n10. C#\n\nWhat do you think? Which language you want to try next? \n\n#100DaysOfCode #100DaysOfCode #CodeNewbie"
}, {
	"tweet": "#javaScript quiz 🏆 \n\nLet's understand the use of every and some method\n \nWhat will be the output of code? \n\n#100DaysOfCode #freeCodeCamp https://t.co/BWH2FsF1un #100DaysOfCode #CodeNewbie"
}, {
	"tweet": "In HTML which character is used to indicate an end tag? \n\nA: ^ \nB: &lt;\nC: *\nD: /\n\nComment the answer\n\n#100DaysOfCode #100DaysOfCode #CodeNewbie"
}, {
	"tweet": "React Dev Road Map In 2020 \n\n✏ HTML / CSS / JS \n✏ npm / yarn \n✏ Webpack / parcel\n✏ React js\n✏ Styled components\n✏ Component state / context api / redux or mobX\n✏ Jest \n✏ Gatsby \n✏ Next js \n✏ React native \n\nHope U like this! Drop you have any comments! \n\n#100DaysOfCode #100DaysOfCode #CodeNewbie"
}, {
	"tweet": "In CSS what's the difference between these two things? \n\nA:  .class {  }\nB:  p.class {  }\n\nComment the answer\n\n#100DaysOfCode #100DaysOfCode #CodeNewbie"
}, {
	"tweet": "Is learning multiple programming languages a bad practice? \n\nWhich one do you prefer : \n\nJack of all trades or Master of one #100DaysOfCode #CodeNewbie"
}, {
	"tweet": "Useful Websites For Developers.\n\n⚒ Repl \n⚒ Codeshare \n⚒ Devhints \n⚒ Domainr \n⚒ Devhints \n⚒ Coding hub tips \n⚒ Cunning bot \n⚒ Codewars \n⚒ Dbdiagram \n\nDo you know other useful websites? \nHelp us by sharing them! \n\n#100DaysOfCode #100DaysOfCode #CodeNewbie"
}, {
	"tweet": "#javaScript quiz 🏆 \n\nWhat will be the output of this code?\n\n#100DaysOfCode #CodeNewbie https://t.co/iMOZcdbO4Q #100DaysOfCode #CodeNewbie"
}, {
	"tweet": "In CSS, which of these attributes are invalid?\n\nA: font-size: 60px;\nB: font-style: oblique;\nC: font-align: center;\nD: font-weight: lighter;\n\ncomment your answer\n\n#100DaysOfCode / #CSS #100DaysOfCode #CodeNewbie"
}, {
	"tweet": "CSS TIP \n\nHow to make an element sit in the middle of the page with equal space either side.\n\nmargin : 0 auto; \n\nIf the element has a fixed width and is block displayed then by simply adding an auto margin on the left and right should do the trick.\n\n#100DaysOfCode #100DaysOfCode #CodeNewbie"
}, {
	"tweet": "Why do other language programmers hate JavaScript so much? 😂 #100DaysOfCode #CodeNewbie"
}, {
	"tweet": "How to add spaces in HTML \n\n-&gt;&gt; &amp;nbsp; \nWhite space \n\n-&gt;&gt; &amp;ensp; \n2x white space \n\n-&gt;&gt; &amp;emsp; \n4x white space \n\n-&gt;&gt; &lt;p&gt;&lt;/p&gt;\nParagraph of text\n\n-&gt;&gt; &lt;br&gt; \nLine break \n\n-&gt;&gt; &lt;pre&gt;&lt;/pre&gt;\nPreformatted text, retains white space \n\n#100DaysOfCode #100DaysOfCode #CodeNewbie"
}, {
	"tweet": "Things I wish I knew when I started programming. \n\n⚒ No secrete source to learning programming.\n⚒ Specialize what you want to do.\n⚒ It's ok to Use google \n⚒ programming is problem solving.\n⚒ Just build project. #100DaysOfCode #CodeNewbie"
}, {
	"tweet": "In JavaScript what's the difference between these? \n\nA: SetTimeout \nB: SetInterval \n\n#100DaysOfCode #100DaysOfCode #CodeNewbie"
}, {
	"tweet": "Which is NOT an attribute for the &lt;a&gt; tag in HTML? \n\nA: href \nB: target \nC: value \nD: title \n\nComment the answer \n\n#100DaysOfCode #100DaysOfCode #CodeNewbie"
}, {
	"tweet": "Top Youtube Channels For Programmers\n\n⚒ Traversy Media\n⚒ The New Boston\n⚒ Derek Banas\n⚒ FreeCodeCamp\n⚒ Academind\n⚒ The Coding Train\n⚒ The Net Ninja\n⚒ DesignCourse\n⚒ Sentdex\n⚒ Red Stapler\n⚒ Kevin Powell\n\nWhat's ur favorite channel? What channels missing from the list? #100DaysOfCode #CodeNewbie"
}, {
	"tweet": "#javaScript quiz 🏆 \n\nWhat will be the output of this code?\n\n#100DaysOfCode #CodeNewbie https://t.co/rjkFHazc7A #100DaysOfCode #CodeNewbie"
}, {
	"tweet": "Road To Become CSS Ninja in 2020 \n\nPHASE 1\nCSS Selectors \nWay to add CSS \nCSS Positions \nCSS Overflow \nBox Model\nSize units\nCSS Float\n\nPHASE 2\nFlexBox \nGrid\nVariables \nCSS Media Query \nAnimation\nTransforms \nTransitions \n\nPHASE 3 \nPre Processor ( SCSS / POSTCSS )\n\nHave Fun #100DaysOfCode #CodeNewbie"
}, {
	"tweet": "What kind of language is JavaScript? #100DaysOfCode #CodeNewbie"
}, {
	"tweet": "Top Books Recommendation For Programmers!\n\n1. The pragmatic programmer by David Thomas &amp; Andrew Hunt \n2. Clean code by Robert C. Martin \n3. The self-taught programmer by Cory Althoff \n4. Cracking the coding interview by Gayle L. Macdowell \n\n#100DaysOfCode #100DaysOfCode #CodeNewbie"
}, {
	"tweet": "In HTML which tag is used to let control over the viewport? \n\nA: &lt;img&gt; \nB: &lt;meta&gt; \nC: &lt;em&gt; \n\nComment your answer\n\n#100DaysOfCode #100DaysOfCode #CodeNewbie"
}, {
	"tweet": "CSS Tip \n\nobject-fit : cover;\n\nThis makes an image fill into the dimensions given to it without stretching. Great for cropping inconsistent image directly in the browser.\n\n#100DaysOfCode #100DaysOfCode #CodeNewbie"
}, {
	"tweet": "What kind of language is HTML? \n\nA: Markup\nB: Scripting \nC: Programming \nD: Internet\n\nComment the answer!\n\n#100DaysOfCode #100DaysOfCode #CodeNewbie"
}, {
	"tweet": "#javaScript quiz 🏆 \n\nWhat will be the output of this code?\nJust solve it &amp; leave your answer in the comment section.\n\n#100DaysOfCode #CodeNewbie https://t.co/XvGgAWlOss #100DaysOfCode #CodeNewbie"
}, {
	"tweet": "In HTML what's the difference between these two tags? \n\nA:  &lt;div&gt;\nB: &lt;span&gt; \n\nComment your answer\n\n#100DaysOfCode #100DaysOfCode #CodeNewbie"
}, {
	"tweet": "In CSS Which Font would be largest? \n\nA: 9px\nB: 9pt \nC: 9em\nD: 9cm\n\nComment your answer\n\n#100DaysOfCode #100DaysOfCode #CodeNewbie"
}, {
	"tweet": "Best Places To Find Free Fonts\n\n⚒ Google Fonts \n⚒ DaFont \n⚒ Abstract Fonts \n⚒ Font Squirrel \n⚒ FontSpace \n⚒ FontStruct \n⚒ 1001 Fonts \n⚒ Urban Fonts \n\n#100DaysOfCode #100DaysOfCode #CodeNewbie"
}, {
	"tweet": "#javaScript quiz 🏆 \n\nWhat will be the output of this code?\nJust solve it &amp; leave your answer in the comment section.\n\n#100DaysOfCode #CodeNewbie https://t.co/clOb2ueb5N #100DaysOfCode #CodeNewbie"
}, {
	"tweet": "How To Get A Job? \n\nOpen ur GitHub AC\nContribute more open source \nRead others code \nPractice every day\nDevelop and update ur programming skill.\nTeach others what you have learned \nGrow your social Network \nTake freelancing projects \nAlways keep ur resume updated on Job portals #100DaysOfCode #CodeNewbie"
}, {
	"tweet": "In HTML Which tag allows you to add a row in a table? \n\nA: &lt;td&gt; and &lt;/td&gt;\nB: &lt;th&gt; and &lt;/th&gt;\nC: &lt;tr&gt;  and &lt;/tr&gt;\n\n#100DaysOfCode #100DaysOfCode #CodeNewbie"
}, {
	"tweet": "5 Chrome Extensions you should use and increase your productivity.\n\n&gt; OneTab\n&gt; Extensity \n&gt; Hunter\n&gt; Screen castify \n&gt; Tab Resize \n\nWhat are your favorite Chrome extensions? \nLet me know in the comments below. \n\n#100DaysOfCode #100DaysOfCode #CodeNewbie"
}, {
	"tweet": "Top JS Books For The Programmer.\n\n1. Eloquent JavaScript - Marjin Haverbeke \n2. JavaScript: The good parts -  Douglas Crockford \n3. Learn JavaScript visually - Ivelin Demirov \n4. JavaScript: The definitive guide - David Flanagan \n5. A smarter way to learn JavaScript - Mark Myers #100DaysOfCode #CodeNewbie"
}, {
	"tweet": "In HTML what's the difference between these two attributes? \n\nA - &lt;b&gt;\nB - &lt;br&gt; \n\nComment your answer! \n\n#100DaysOfCode #100DaysOfCode #CodeNewbie"
}, {
	"tweet": "10 Most Loved Languages as per Stackoverflow 2020 Survey.\n\n1. Rust \n2. TypeScript\n3. Python \n4. Kotlin \n5. Go\n6. Julia \n7. Dart\n8. C#\n9. Swift \n10. JavaScript\n\nWhat's your favorite language? #100DaysOfCode #CodeNewbie"
}, {
	"tweet": "5 Tips For Beginner Programmer!\n\n1. Programming is just a tool \n2. Start with the basic fundamental\n3. Start with projects you're passionate about\n4. Question everything\n5. Best Practices \n\n#100DaysOfCode #100DaysOfCode #CodeNewbie"
}, {
	"tweet": "FRONT-END DEVELOPER ROADMAP\n\n📌BEGINNER \nHTML \nCSS\nJS\n\n📌INTERMEDIATE\nPKG Manager ( npm, yarn ) \nBuild tools ( webpack, parcel ) \nFrameworks [ Js [ react, vue, angular, svelte], CSS [ bootstrap, bulma, tailwind] ]\n\n📌ADVANCE\nAPI Handling \nLearn The difference Spa vs SSR\nPwa #100DaysOfCode #CodeNewbie"
}, {
	"tweet": "#javaScript quiz 🏆 \n\nWhat will be the output of this code?\nJust solve it &amp; leave your answer in the comment section.\n\n#100DaysOfCode #CodeNewbie https://t.co/xKmYummfTP #100DaysOfCode #CodeNewbie"
}, {
	"tweet": "Complete #Python Keywords Reference.\n\nand - AND logical operator\nnot - NOT logical operator\nor - OR logical operator\nin - To check if a value is present in a collection\nis - To check if two objects are the same\nas - To create an alias\n\nA Thread👇  #100DaysOfCode #100DaysOfCode #CodeNewbie"
}, {
	"tweet": "Mental Health is very important. Here comes the role of family and friends. You never know what a person is going through. Share and be there with your dear ones. RIP #SushantSinghRajput https://t.co/PZ9fEnnErj #100DaysOfCode #CodeNewbie"
}, {
	"tweet": "Self discipline is the key to success in your life. Without it your life will become stale and you will lose respect for yourself. With discipline the world is yours. #100DaysOfCode #CodeNewbie"
}, {
	"tweet": "Most Commonly Used Tags In HTML.\n\n&lt;html&gt;&lt;/html&gt;\nDefines the root of an HTML document\n\n&lt;head&gt;&lt;/head&gt;\nDefines information about the document\n\n&lt;title&gt;&lt;/title&gt;\nDefines a title for the document\n\n&lt;body&gt;&lt;/body&gt;\nDefines the document's body\n\nA Thread👇 #100DaysOfCode #CodeNewbie"
}, {
	"tweet": "Top 8 Soft Skills For Programmers.\n\n&gt; Time Management\n&gt; Communication\n&gt; Problem Solving\n&gt; Empathy\n&gt; Reading Habit\n&gt; Creativity\n&gt; Critical Thinking\n&gt; Team Work\n\n#100DaysOfCode #100DaysOfCode #CodeNewbie"
}, {
	"tweet": "Python Learning Guide! \n\nPHASE - 1\nBasic arithmetic\nControl structure\nStrings &amp; typecasting \nFor &amp; while loops \nException handling \nFunctions, modules\n\nPHASE - 2\nOOP concept\nLists and lists function\nList slicing \nString formatting \nLambdas \nList, dictionaries, tuples \n\nGood Luck #100DaysOfCode #CodeNewbie"
}, {
	"tweet": "What are your top 3 tips for new programmer? #100DaysOfCode #CodeNewbie"
}, {
	"tweet": "Yes Exactly\n\nTest it out on google https://t.co/BshztU0wFj #100DaysOfCode #CodeNewbie"
}, {
	"tweet": "5 Websites To Practice Front end Skills or Challenge! \n\n&gt; Front end Mentor \n&gt; Codier \n&gt; Ace Front End \n&gt; CSS Battle \n&gt; 100 Days CSS Challenge \n\nLevel up your Front end skills! #100DaysOfCode #CodeNewbie"
}, {
	"tweet": "#javaScript quiz 🏆 \n\nWhat will happen if you console.log( sum)? Let's see who can tell the first \n\nDo you know about eval? \n\n#100DaysOfCode #CodeNewbie https://t.co/Nw2nQn45Og #100DaysOfCode #CodeNewbie"
}, {
	"tweet": "10 Movies/ Shows That Will Inspire You to code:  Vol - 2\n\n1. Halt and catch fire\n2. The social network\n3. Hackers\n4. Sneakers\n5. Black mirror\n6. The It crowd\n7. Person of interest\n8. Antitrust \n9. Citizen four \n10. The matrix \n\nShare with your programmer friends #100DaysOfCode #CodeNewbie"
}, {
	"tweet": "Front End Developer Guide!  \n\nPHASE -1 \nHTML Basic \nAdvanced Site Structure\n\nPHASE -2 \nCSS Basic \nFlexbox\nCSS Grid \nCSS Frameworks\n\nPHASE - 3\nJS Basic\nES6\nJS Frameworks\n\nPHASE - 4 \nCongrats you're a Front end Dev #100DaysOfCode #CodeNewbie"
}, {
	"tweet": "I m programmer. I have a weakness, I make mistakes, and I experience lonely, but I learn from all these things and they make me a better programmer. #100DaysOfCode #CodeNewbie"
}, {
	"tweet": "14 VS Code Extensions which Helps To you A Better Developer! \n\nLive Server \nQuokka js \nGitLens \nCode spell checker \nESLint \nPrettier \nLive Saas Compiler \nVs code icons \nBrowser preview\nJs ( ES6 ) code snippets \nBracket pair colorizer \nPath intellisense \nVim \nColor Highlight #100DaysOfCode #CodeNewbie"
}, {
	"tweet": "#javaScript quiz 🏆 \n\nEnhance your JavaScript var knowledge with answering the below quiz. \n\nWhat's the console log output? \n\n#100DaysOfCode #CodeNewbie https://t.co/Bo0y2W0Bgn #100DaysOfCode #CodeNewbie"
}, {
	"tweet": "Things anyone needs to learn before web development.\n\n- How the internet works\n- History about web\n- Basic IDE/Editor \n- Git \n- Domain hosting \n- knowledge of Terminal #100DaysOfCode #CodeNewbie"
}, {
	"tweet": "#javaScript quiz 🏆 \n\nWhat will be the output of this code?\nJust solve it &amp; leave your answer in the comment section.\n\n#100DaysOfCode #CodeNewbie https://t.co/fnv1G4ftwY #100DaysOfCode #CodeNewbie"
}, {
	"tweet": "7 Ways to make money with programming skills.\n\n&gt; Freelance online \n&gt; Sell programming tutorial\n&gt; Build mobile/web apps \n&gt; Start a programming blog \n&gt; Create a piece of software\n&gt; Work with local business \n&gt; Launch YouTube channel \n\n#100DaysOfCode #100DaysOfCode #CodeNewbie"
}, {
	"tweet": "Tips to build programming logic.\n\n&gt; Do too many questions on each topic and chapter.\n&gt; Don't see a solution quickly.\n&gt; Increase your level slowly slowly\n&gt; Conceptual clarity \n&gt; Keep regularity \n\n#100DaysOfCode #100DaysOfCode #CodeNewbie"
}, {
	"tweet": "#javaScript quiz 🏆 \n\nWhat will be the output of this code?\n\n#100DaysOfCode #CodeNewbie https://t.co/j7R75xjYPc #100DaysOfCode #CodeNewbie"
}, {
	"tweet": "while(noSuccess) { \n   tryHarder( ):\n} #100DaysOfCode #CodeNewbie"
}, {
	"tweet": "Retweet if you're still infected with JavaScript. #100DaysOfCode #CodeNewbie"
}, {
	"tweet": "What's the most important lesson you've learned as a Programmer? #100DaysOfCode #CodeNewbie"
}, {
	"tweet": "Top Apps For Programmers.\n\n&gt; Solo Learn \n&gt; Khan Academy \n&gt; Mimo \n&gt; Dcoder \n&gt; Programming Hub\n&gt; Enki \n\nComplete this list &amp; rate these apps with your comments! \n\n#100DaysOfCode #100DaysOfCode #CodeNewbie"
}, {
	"tweet": "C O D E R S never quit. #100DaysOfCode #CodeNewbie"
}, {
	"tweet": "Top Linux Distros For Programmers\n\n&gt; Debian \n&gt; Arch Linux \n&gt; Fedora \n&gt; Kali Linux \n&gt; CentOS \n&gt; Ubuntu \n\nWhat's Your Favorite Linux Distro? #100DaysOfCode #CodeNewbie"
}, {
	"tweet": "Bad Habits you should quit as a programmer.\n\n- Refusing to ask for help\n- Using the wrong tool for the job\n- Refusing to learn from mistakes \n- copy-pasting code blindly\n- Working non stop all-day \n- Refusing to share your knowledge\n- Saying I will fix later\n- Giving up too soon #100DaysOfCode #CodeNewbie"
}, {
	"tweet": "Useful APIs for Programmers.\n\n&gt; MetaWeather \n&gt; Numbers API\n&gt; Dark Sky \n&gt; Zippopotamus \n&gt; JSONPlaceholder \n&gt; coinGecko \n&gt; Quotes REST API \n\nShare other useful APIs in the comments section! #100DaysOfCode #CodeNewbie"
}, {
	"tweet": "\"Self-taught developer\"  = every developer #100DaysOfCode #CodeNewbie"
}, {
	"tweet": "What one tip changed your coding skills forever? #100DaysOfCode #CodeNewbie"
}, {
	"tweet": "7 Things to know before jumped to JavaScript Framework.\n\n- JavaScript fundamentals\n- classes \n- modules \n- promises \n- High order arrow functions\n- Destructuring\n- Arrow functions \n\n#100DaysOfCode #100DaysOfCode #CodeNewbie"
}, {
	"tweet": "5 tips to build &amp; improve programming logic.\n\n- Divide and conquer\n- Write a well comment code\n- learn data structure &amp; algorithm\n- learn about programming paradigms \n- start exploring code from others #100DaysOfCode #CodeNewbie"
}, {
	"tweet": "Stay Healthy as a Programmer.\n\n&gt; Stay Physically Fit \nOur body is not made to remain in the front of a desk all day long. it need movements.\n\n&gt; Sit Correctly\nSit well behind your computer: 90-degree angles, adjusted angles, adjusted heights, sit straights.\n\nA Thread 👇 #100DaysOfCode #CodeNewbie"
}, {
	"tweet": "3 Tips for Beginners Programmer.\n\n1. Change quantity of study on quality of study.\n\n2. Don't learn only syntax, you have to know how to solve problem.\n\n3. Apply what you have learnt. #100DaysOfCode #CodeNewbie"
}, {
	"tweet": "Programming is not that hard ( somewhat difficult ). It only needs a couple of things: \n\n&gt; Passion \n&gt; Time \n&gt; Patience\n&gt; Problem solving \n\n#100DaysOfCode #100DaysOfCode #CodeNewbie"
}, {
	"tweet": "JavaScript Free Learning Resources.\n\nWEBSITES \n&gt; Javascript. info\n&gt; freecodecamp. org\n&gt; eloquentjavascript. net\n&gt; read.humanjavascript. com\n\nYOUTUBE\n&gt; Traversy Media\n&gt; The Net Ninja \n&gt; Free Code Camp\n&gt; Academind \n\n#100DaysOfCode #100DaysOfCode #CodeNewbie"
}, {
	"tweet": "Learning strategies for programmer.\n\n&gt; Active vs Passive learning ratio ( 2h reading; 1h coding ) \n&gt; Use: \"Spacing\" ( don't cram )\n&gt; Teaching concepts ( where about what you learned, explained how it works) \n&gt; Keep track of questions( you have when learning) \n&gt; Rest and Recover #100DaysOfCode #CodeNewbie"
}, {
	"tweet": "Best website for Graphics Design Inspiration.\n\n- Dribble \n- Behance \n- Awwwards\n- Logoinspirations \n- Collect ui\n- Designspiration \n- Pinterest \n\n#100DaysOfCode #100DaysOfCode #CodeNewbie"
}, {
	"tweet": "Writing code is easy, writing good code is hard. #100DaysOfCode #CodeNewbie"
}, {
	"tweet": "#javascript quiz 🏆 \n\nWhat will be the output of this code?\n\n#100DaysOfCode #CodeNewbie https://t.co/Aymb1p5OzF #100DaysOfCode #CodeNewbie"
}, {
	"tweet": "Top Beginner Projects for New Programmer.\n\n&gt; Calculator App\n&gt; Rock Paper Scissors Game \n&gt; To-do List App \n&gt; Tic Tac Toe Game \n&gt; BMI App\n&gt; Snake Game \n\nWhat Other Projects Can Help Beginners? \n\n#100DaysOfCode #100DaysOfCode #CodeNewbie"
}, {
	"tweet": "4 mistakes to avoid as a programmer.\n\n- Writing bad documentation.\n- Delaying tedious tasks.\n- Not writing readable code.\n- Not being consistent throughout your code.\n\n#100DaysOfCode #100DaysOfCode #CodeNewbie"
}, {
	"tweet": "Common programmer health problem and prevention.\n\nLack of Exercise and Sleep -: \nSymptoms &gt; Weight Gain, Heart Problems, Type 2 Diabetes, Inability to focus.\n\nSuggestions &gt; Walk, Jog or Run Daily, Weight Training, Aim for 8 Hours Sleep.\n\nA Thread: 👇 #100DaysOfCode #CodeNewbie"
}, {
	"tweet": "Full Stack JavaScript RoadMap \n\nFRONTEND \nReact js, Vue js, Angular, svelte js \n\nBACKEND\nExpress js, Nest js, Koa \n\nDATABASE \nMongoDB, Postgresql, MySql #100DaysOfCode #CodeNewbie"
}, {
	"tweet": "#javascript quiz 🏆 \n\nWhat will be the output of this code?\n\n#100DaysOfCode #CodeNewbie https://t.co/qBJAYzPJpJ #100DaysOfCode #CodeNewbie"
}, {
	"tweet": "My advice to new programmer!\n\n1. Understand and not just memorizing.\n2. Don't skip the fundamentals\n3. Have fun, do stuff that makes you joy.\n4. Don't get stuck in \"tutorial hell\"\n\n#100DaysOfCode #100DaysOfCode #CodeNewbie"
}, {
	"tweet": "A day in the life of a programmer.\n\n&gt; try to type some code.\n&gt; stumble on a bug.\n&gt; waste 5 hours of life debugging.\n&gt; wonder why I am doing this. #100DaysOfCode #CodeNewbie"
}, {
	"tweet": "&gt;Learn HTML CSS &amp; JavaScript \n&gt;Learn a framework or library ( React, vue are the hottest at the moment ) \n&gt;Learn Webpack\n&gt;Learn Git \n&gt;Open a GitHub account\n&gt;Create a project and push it to GitHub.\n&gt;Apply for JOB #100DaysOfCode #CodeNewbie"
}, {
	"tweet": "#javascript quiz 🏆 \n\nWhat will be the output of this code?\n\n#100DaysOfCode https://t.co/MsIcOs1nia #100DaysOfCode #CodeNewbie"
}, {
	"tweet": "3 advice to new programmers.\n\n1. Stop comparing yourself to others.\n\n2. Accept the reality of your situation everyone's journey is different, take your time.\n\n3. \"Just Ship it\"  Don't obsess over code being perfect, you can improve it later. #100DaysOfCode #CodeNewbie"
}, {
	"tweet": "#javascript quiz 🏆 \n\nWhat will be the output of this code?\nJust solve it and leave your answer in the comment section.\n\n#100DaysOfCode https://t.co/32kTIbTcRt #100DaysOfCode #CodeNewbie"
}, {
	"tweet": "Dear #CodeNewbie\n\nyou are incredible even when you feel you're not. You might feel lost now, but great things are coming your way. You're stronger than you think, and have a lot to accomplish, don't give up. Remember,  you matter and you are not alone. #100DaysOfCode #CodeNewbie"
}, {
	"tweet": "As a programmer, this \"quarantine\" is just my regular life lol. #100DaysOfCode #CodeNewbie"
}, {
	"tweet": "One trick that will make you better programmer. Stop listening to people or thinking. Just start coding. #100DaysOfCode #CodeNewbie"
}, {
	"tweet": "8 best free Animation Libraries for websites.\n\n- CSSHake \n- Anime js \n- Bounce js \n- Mo js\n- Tuesday \n- Wicked css \n- Magic\n- Gsap \n\nWhich one your favorite! \n\n#100DaysOfCode #100DaysOfCode #CodeNewbie"
}, {
	"tweet": "#javascript quiz 🏆 \n\nWhat will be the output of this code?\nJust solve it and leave your answer in the comment section.\n\n#100DaysOfCode #freeCodeCamp https://t.co/TEmvoM1bwS #100DaysOfCode #CodeNewbie"
}, {
	"tweet": "It doesn't matter how old are you... If you wanna be a programmer... Go for it. #100DaysOfCode #CodeNewbie"
}, {
	"tweet": "Retweet if you love Twitter Dev Community Life. #100DaysOfCode #CodeNewbie"
}, {
	"tweet": "As a programmer, do you want to write code all your life? #100DaysOfCode #CodeNewbie"
}, {
	"tweet": "Freelancing sites for #programmers \n\nBeginners Level\nPeopleperhour, Guru, Fiverr\n\nIntermediate Level\nupwork, Envato, Freelancer\n\nExpert Level\nToptal, Linkedin, 6nomad #100DaysOfCode #CodeNewbie"
}, {
	"tweet": "8 Must Know JavaScript Array Methods. \n\n- map\n- filter \n- forEach\n- find \n- every \n- some\n- includes \n- reduce \n\n#100DaysOfCode #100DaysOfCode #CodeNewbie"
}, {
	"tweet": "I share my 5 favourites \"Non-Programming\" Books to help you in your programming career.\n\n1. Atomic Habits by James clear \n2. Deep work by Cal Newport \n3. The 7 habits of highly effective people by Stephen covey\n4. Managing Oneself by Peter Drucker \n5. Essentialism by Greg Mckeown #100DaysOfCode #CodeNewbie"
}, {
	"tweet": "Useful Chrome Extension for Front-End Developer.\n\n- CSS Peeper\n- Whatfont\n- JSON viewer\n- Color contrast checker\n- Colorpick eyedropper\n- Responsive web design tester #100DaysOfCode #CodeNewbie"
}, {
	"tweet": "The First Requirement of being a self-taught developer is to be passionate. #100DaysOfCode #CodeNewbie"
}, {
	"tweet": "Useful websites for Web Developers!\n\n- Enjoy CSS\n- Can I Use \n- HTML Washer \n- Markup Validator \n- Pexels \n- Google fonts #100DaysOfCode #CodeNewbie"
}, {
	"tweet": "#javascript quiz 🏆 \n\nWhat will be the output of this code?\nJust solve it and leave your answer in the comment section.\n\n#100DaysOfCode https://t.co/Cpp7lC3b8Q #100DaysOfCode #CodeNewbie"
}, {
	"tweet": "I listed Total 8 JavaScript projects ideas which will take you to newbie to expert.\n\nBEGINNER: \nTodo app, simple calculator, countdown\n\nINTERMEDIATE: \nQuiz app, Expense tracker, advance calculator\n\nADVANCE: \nE-commerce App, Game, #100DaysOfCode #CodeNewbie"
}, {
	"tweet": "Some Amazing Developer Tools that you're not using yet.\n\n- CloudCraft\n- Figma\n- Font Flipper\n- VisBug\n- Insomnia\n- Flare\n- BundlePhobia\n- Soft Murmer #100DaysOfCode #CodeNewbie"
}, {
	"tweet": "\"Programming is problem-solving not typing code.\" #100DaysOfCode #CodeNewbie"
}, {
	"tweet": "5 Things I Wish I Knew When I Started Programming.\n\n- Specialize. \n- There is no secret Recipe to learning how to code. \n- Use Google.\n- Problem Solving.\n- Just Build. #100DaysOfCode #CodeNewbie"
}, {
	"tweet": "Time Management Tips for Programmer! \n\n0. Have a plan!  \n1. Prioritize tasks! \n2. Divide Larger tasks! \n3. Delegate if needed! \n4. Be wary of multitasking!  \n5. Cultivate discipline!\n6. Plan daily downtime! #100DaysOfCode #CodeNewbie"
}, {
	"tweet": "#javascript quiz 🏆 \n\nWhat will be the output of this code?\nJust solve it and leave your answer in the comment section.\n\n#100DaysOfCode #freeCodeCamp https://t.co/JnzpjRUJjE #100DaysOfCode #CodeNewbie"
}, {
	"tweet": "Important JavaScript concept you should know! \n\n- Hoisting \n- Callstack\n- IIFE\n- Scope\n- Callbacks\n- Async await #100DaysOfCode #CodeNewbie"
}, {
	"tweet": "Here are 5 programming Tips that will help you get better and improve your daily coding skills.\n\n- Get a good chair\n- Walk more often \n- Drink more water \n- Don't sit hunched \n- Know when to stop coding #100DaysOfCode #CodeNewbie"
}, {
	"tweet": "Essential Tools for Web Development.\n\nCode Editor:\nVs Code, Atom, Sublime Text\n\nCSS Preprocessor\nSass, Less, Stylus, PostCSS\n\nCSS Framework\nBootstrap, Bulma, Tailwind\n\nJS Framework:\nReact, Vue, Angular, Svelte\n\nDBMS:\nMySQL, MongoDB, PostgreSQL\n\nComment Your Favorite Tools! #100DaysOfCode #CodeNewbie"
}, {
	"tweet": "Best Websites to Learn CSS Concept Freely!\n\n*Free Code Camp\n*Mdn Web Docs\n*W3 School\n*Code Academy\n*Solo Learn\n*Alligator\n*CSS-Trick\n\nDo you know any other websites? #100DaysOfCode #CodeNewbie"
}, {
	"tweet": "How to be a good programmer:\n\n*Learn to write clean code\n*Learn DSA\n*Learn to use comments\n*Learn Maths (unspoken hero)\n*Learn Core concepts of your choice of programming language #100DaysOfCode #CodeNewbie"
}, {
	"tweet": "10 Movies/Shows That Will Inspire You to Code.\n\n1. Silicon Valley\n2. Mr. Robot\n3. Pirates of Silicon Valley\n4. The Internship\n5. Snowden\n6. Indie Game\n7. The Internet's Own Boy \n8. The Founder\n9. The Imitation Game \n10. The Pursuit of Happiness\n\nShare with ur programmer friends #100DaysOfCode #CodeNewbie"
}, {
	"tweet": "When do you comment your code? \n\nA. Before the code at the beginning.\nB. While coding. \nC. After finishing code.\nD. I don't.\n\nYou can choose multiple answer! #100DaysOfCode #CodeNewbie"
}, {
	"tweet": "8 popular JavaScript libraries for data visualization!\n\nHere's the list 👇\n\nd3.js\nchart.js\nthree.js\nrecharts\ncartodb\napexcharts.js\nplotly.js\n\nHow many do you know? let me know in the comments👇\n\n#100DaysOfCode #100DaysOfCode #CodeNewbie"
}, {
	"tweet": "Important CSS concept every frontend developer should know!\n\n*Box Model\n*Flexbox\n*Grid\n*Responsive Media Query\n*Animation #100DaysOfCode #CodeNewbie"
}, {
	"tweet": "Useful VS Code keyboard Shortcuts.\n\nCtrl + Shift + K -&gt; Delete Line\nCtrl + Shift + Enter -&gt; Insert Line Above\nAlt + Up (Down) -&gt; Move Line Up (Down)\nShift + Alt + Up (Down) -&gt; copy Line Up (Down)\nCtrl + / -&gt; Toggle Line Comment\nCtrl + U -&gt; Undo Last Cursor Operation\n\n👇A thread: #100DaysOfCode #CodeNewbie"
}, {
	"tweet": "10 JavaScript image manipulation libraries!\n\nHere's the list 👇\n\nGrade\nPica\nBlurify\nCompressor js\nCropper js\nFabric js\nMarvinj\nMerge Images\nCarman js\n\nDo you know any other image manipulation libraries?\n\n#100DaysOfCode #freeCodeCamp #100DaysOfCode #CodeNewbie"
}, {
	"tweet": "You can't compare your 1st year of programming journey to others 10th year.🙌\n\n#100DaysOfCode #100DaysOfCode #CodeNewbie"
}, {
	"tweet": "Top Online Games To Learn Coding\n\n*CodeCombat - @CodeCombat\n*CodinGame  - @CodinGame\n*CheckiO - @PlayCheckiO\n*Codemonkey - @CodeMonkeySTU\n*Screeps  - @ScreepsGame \n\nHave you used these websites?\nDo you know any other coding games?\n\n#100DaysOfCode #100DaysOfCode #CodeNewbie"
}, {
	"tweet": "Before Starting with Front-end frameworks, you need to know ES 6 Features like:\n\n*var, let, const variables\n*arrow functions\n*rest and spread &amp; operators\n*template literals \n*multiline strings \n*Interpolation\n*classes\n*callbacks \n\nJust to mention the most important ones! #100DaysOfCode #CodeNewbie"
}, {
	"tweet": "Random question, have you ever seen stackoverflow's front page? 😅 #100DaysOfCode #CodeNewbie"
}, {
	"tweet": "Whoever is reading, hope you will be a successful programmer one day. #100DaysOfCode #CodeNewbie"
}, {
	"tweet": "Eight best places to pick free stock photos for your website and apps.\n\nPexels \nLife of pix \nBurst \nMagdeleine\nPixabay \nStock snap \nUnsplash \nPicjumbo\n\nDo you know another good source? \n#100DaysOfCode / #freeCodeCamp #100DaysOfCode #CodeNewbie"
}, {
	"tweet": "#CSS quiz! \n\nComment the correct answer! \n\nRT appreciated 🙏🏼\n\n#100DaysOfCode https://t.co/gl8PUKbGUs #100DaysOfCode #CodeNewbie"
}, {
	"tweet": "10 years from now, Africa will produce the best and the majority of programmers. Save my tweet. #100DaysOfCode #CodeNewbie"
}, {
	"tweet": "If you're learning NodeJs. \nHere is simple checklist for you.\n\nStep 1 -  Make a simple server\nStep 2 -  Make routes\nStep 3 -  Build templates\nStep 4 -  Make a simple API \nStep 5 -  Filling templates \nStep 6 -  Parsing variables from URLs\nStep 7 -  Make your own modules #100DaysOfCode #CodeNewbie"
}, {
	"tweet": "Let's clarify:\n\n⌚ More hours is not productivity \n😴 Less sleep is not optimization\n👨‍💻 Being busy is not making progress\n⛱ Doing nothing is not wasting time \n❤️ Family is not an interruption #100DaysOfCode #CodeNewbie"
}, {
	"tweet": "To become a good developer you have to code every day. #100DaysOfCode #CodeNewbie"
}, {
	"tweet": "I discovered totally amazing Github repo. Data Structures and Algorithms explained and implemented in #javascript \n\n#100DaysOfCode \n\n🔗  https://t.co/o2ZdM3Dnvw #100DaysOfCode #CodeNewbie"
}]