[{"tweet":"Retweet if you love Twitter Dev Community Life."},{"tweet":"Freelancing sites for #programmers \n\nBeginners Level\nPeopleperhour, Guru, Fiverr\n\nIntermediate Level\nupwork, Envato, Freelancer\n\nExpert Level\nToptal, Linkedin, 6nomad"},{"tweet":"8 Must Know JavaScript Array Methods. \n\n- map\n- filter \n- forEach\n- find \n- every \n- some\n- includes \n- reduce \n\n#100DaysOfCode"},{"tweet":"Useful Chrome Extension for Front-End Developer.\n\n- CSS Peeper\n- Whatfont\n- JSON viewer\n- Color contrast checker\n- Colorpick eyedropper\n- Responsive web design tester"},{"tweet":"Useful websites for Web Developers!\n\n- Enjoy CSS\n- Can I Use \n- HTML Washer \n- Markup Validator \n- Pexels \n- Google fonts"},{"tweet":"I listed Total 8 JavaScript projects ideas which will take you to newbie to expert.\n\nBEGINNER: \nTodo app, simple calculator, countdown\n\nINTERMEDIATE: \nQuiz app, Expense tracker, advance calculator\n\nADVANCE: \nE-commerce App, Game,"},{"tweet":"Some Amazing Developer Tools that you're not using yet.\n\n- CloudCraft\n- Figma\n- Font Flipper\n- VisBug\n- Insomnia\n- Flare\n- BundlePhobia\n- Soft Murmer"},{"tweet":"5 Things I Wish I Knew When I Started Programming.\n\n- Specialize. \n- There is no secret Recipe to learning how to code. \n- Use Google.\n- Problem Solving.\n- Just Build."},{"tweet":"Important JavaScript concept you should know! \n\n- Hoisting \n- Callstack\n- IIFE\n- Scope\n- Callbacks\n- Async await"},{"tweet":"Essential Tools for Web Development.\n\nCode Editor:\nVs Code, Atom, Sublime Text\n\nCSS Preprocessor\nSass, Less, Stylus, PostCSS\n\nCSS Framework\nBootstrap, Bulma, Tailwind\n\nJS Framework:\nReact, Vue, Angular, Svelte\n\nDBMS:\nMySQL, MongoDB, PostgreSQL\n\nComment Your Favorite Tools!"},{"tweet":"10 Movies/Shows That Will Inspire You to Code.\n\n1. Silicon Valley\n2. Mr. Robot\n3. Pirates of Silicon Valley\n4. The Internship\n5. Snowden\n6. Indie Game\n7. The Internet's Own Boy \n8. The Founder\n9. The Imitation Game \n10. The Pursuit of Happiness\n\nShare with ur programmer friends"},{"tweet":"Whoever is reading, hope you will be a successful programmer one day."},{"tweet":"Eight best places to pick free stock photos for your website and apps.\n\nPexels \nLife of pix \nBurst \nMagdeleine\nPixabay \nStock snap \nUnsplash \nPicjumbo\n\nDo you know another good source? \n#100DaysOfCode / #freeCodeCamp"},{"tweet":"If you're learning NodeJs. \nHere is simple checklist for you.\n\nStep 1 -  Make a simple server\nStep 2 -  Make routes\nStep 3 -  Build templates\nStep 4 -  Make a simple API \nStep 5 -  Filling templates \nStep 6 -  Parsing variables from URLs\nStep 7 -  Make your own modules"},{"tweet":"At first frontend devs 'just' needed to know JavaScript, HTML &amp; CSS.\n\nThen they needed to learn Node.\n\nNow they're meant to know AWS and DevOps.\n\nAs I've always said, the dev life isn't for you if you don't like learning!"},{"tweet":"“Which language should I learn first”?\n\nDepends what you want to do:\n\n* Front end: JavaScript\n* Mobile apps: Dart (with Flutter)\n* Machine learning: Python\n* Backend: JavaScript / Python"},{"tweet":"To commit to becoming a developer is to commit to continuous learning."},{"tweet":"Newbies learning path to web dev glory:\n\n* Build a basic website: HTML &amp; CSS\n* Make the website an app: JavaScript\n* Make the app with less code: React\n* Build a backend / API for your site: NodeJs\n* Power your backend with a database: MongoDB / MySQL"},{"tweet":"After the recent announcement from Google that they will be removing JavaScript from Chrome, and with IE and Safari set to follow, its clear that JavaScript will be obsolete within 12 months.\n\nTime to learn Python."},{"tweet":"I don’t see why frontend devs make six figures, all they need to know is:\n\nJavaScript, HTML, CSS, React, GraphQL, DOM API, NodeJS, command line, Git, webpack, I18N, A11Y, Jest, TypeScript, Docker, Selenium, performance tuning\n\n🤣🤣🤣🤣🤣"},{"tweet":"So JavaScript devs are already expected to know:\n\n▶️ JavaScript\n▶️ HTML\n▶️ CSS\n▶️ Node\n▶️ A framework\n\nNow also expected to know\n\n▶️ TypeScript\n▶️ DevOps\n\nWhat’s next, having to build CPUs ourselves 😂"},{"tweet":"The path to becoming a professional web dev:\n\n* HTML / CSS tutorial\n* Build webpage int HTML / CSS\n* JavaScript tutorial\n* JavaScript challenges on codewars\n* Small web app\n* React / Angular / Vue tutorial\n* Small web app with chosen library"},{"tweet":"Did my comp sci degree help me?\n\nIt helped my CV\n\nBut I’ll tell you this...\n\nEvery tech I’ve ever used for work I taught myself outside of university."},{"tweet":"A good learning path for #CodeNewbies:\n\n* HTML &amp; CSS -&gt; Build basic webpage\n* Basic JavaScript -&gt; Make webpage interactive\n* React -&gt; Make webpage a full single page app\n* Basic NodeJs -&gt; Build API / Backend to drive your single page app"},{"tweet":"Learn JavaScript\n\nYou get to build server side apps\nYou get to build mobile apps\nYou get to build frontend apps\nYou get to build desktop apps\n\nYou get to be a well paid geek."},{"tweet":"I have 18k followers, most of whom want to learn to code, yet when I ask,\n\n“What’s your current personal project”\n\nI get very few responses.\n\nYou. Must. Build. An. Actual. Project."}]